Group,Conversion_Rate,Users,Conversions,CI_Lower,CI_Upper,Margin_of_Error
Control,0.11771676871420107,5063,596,0.10912821080957026,0.12688498765727618,0.00916821894307511
Treatment,0.15331491712707182,5068,777,0.14365843663255826,0.16349656248741104,0.01018164536033922
